{"accuracy": 0.8636363636363636, "precision": 0.9090909090909091, "recall": 0.9090909090909091, "f1_score": 0.9090909090909091}