{"accuracy": 0.8560606060606061, "precision": 0.9, "recall": 0.9090909090909091, "f1_score": 0.9045226130653267}